Question,MyScore (1-10),Recommended FAQ Topic
Am I required to use the monthly or annual average cost of acceptance in our surcharge calculation?,1,How to add or update your Tax File Number (TFN) in the Suncorp App.
Am I required to use the monthly or annual average cost of acceptance in our surcharge calculation?,1,How to set up a PayID for your business account.
Am I required to use the monthly or annual average cost of acceptance in our surcharge calculation?,1,How to access electronic statements in the Suncorp App.
Are contactless cash and digital wallets secure?,1,How to activate your new Suncorp credit card.
Are contactless cash and digital wallets secure?,1,Different ways to deposit funds into your Suncorp Bank account.
Are contactless cash and digital wallets secure?,1,View or change the amount of cash you can withdraw from ATMs and EFTPOS per day.
Are Merchants required to surcharge?,10,Information about fees for international transactions and purchases.
Are Merchants required to surcharge?,1,How to check current interest rates for your Suncorp accounts.
Are there different levels of access that can be applied to a business credit card facility?,1,Common reasons why accounts might not appear in Internet Banking.
Are there different levels of access that can be applied to a business credit card facility?,tbc,Common reasons for Samsung Pay card registration failures.
Are there different levels of access that can be applied to a business credit card facility?,tbc,How to activate your new Suncorp credit card.
Are we allowed to surcharge if we don’t have the surcharging functionality on our terminal?,tbc,Information about notifying Suncorp Bank of international travel.
Are we allowed to surcharge if we don’t have the surcharging functionality on our terminal?,tbc,How to send secure messages to Suncorp Bank.
Business Payments Credit,1,How to activate your new Suncorp credit card.
Business Payments Credit,1,Close a credit card account or sub-account on the Suncorp Bank App.
Business Payments Credit,1,Information about fees for international transactions and purchases.
Can any Suncorp Bank customer use Treasury to send an International Money Transfer?,3,How to make international money transfers via the Suncorp App.
Can any Suncorp Bank customer use Treasury to send an International Money Transfer?,3,Different ways to deposit funds into your Suncorp Bank account.
Can any Suncorp Bank customer use Treasury to send an International Money Transfer?,6,Information about SWIFT/BIC codes for international transfers.
Can Directors and Administrators update personal details on cards apart from their own?,tbc,How to update your personal information with Suncorp Bank.
Can Directors and Administrators update personal details on cards apart from their own?,tbc,Common reasons for Samsung Pay card registration failures.
Can Directors and Administrators update personal details on cards apart from their own?,tbc,View or change the amount of cash you can withdraw from ATMs and EFTPOS per day.
Can I access Card Services if I don’t have access to my mobile phone?,tbc,Steps to update your registered mobile phone number.
Can I access Card Services if I don’t have access to my mobile phone?,tbc,Information about your Telephone Access Code for phone banking.
Can I access Card Services if I don’t have access to my mobile phone?,tbc,Common reasons why accounts might not appear in Internet Banking.
Can I activate my credit card in Internet Banking?,tbc,How to activate your new Suncorp credit card.
Can I activate my credit card in Internet Banking?,tbc,Common reasons why accounts might not appear in Internet Banking.
Can I activate my credit card in Internet Banking?,tbc,Close a credit card account or sub-account on the Suncorp Bank App.
Can I apply for a new personal loan with Suncorp Bank?,tbc,How to update your personal information with Suncorp Bank.
Can I apply for a new personal loan with Suncorp Bank?,tbc,How to set up a PayID for your personal Suncorp Bank account.
Can I check the status of my request?,tbc,Request a statement to confirm your current account balance.
Can I check the status of my request?,tbc,Common reasons for Samsung Pay card registration failures.
Can I check the status of my request?,tbc,View or change the amount of cash you can withdraw from ATMs and EFTPOS per day.
Can I choose my dedicated lender?,tbc,Use your card when travelling overseas for holiday or business
Can I choose my dedicated lender?,tbc,Information about receiving One-Time Passwords while traveling internationally.
Can I choose my dedicated lender?,tbc,Steps to update your registered mobile phone number.
Can I complete a Treasury International Money Transfer online?,tbc,How to make international money transfers via the Suncorp App.
Can I complete a Treasury International Money Transfer online?,tbc,Different ways to deposit funds into your Suncorp Bank account.
Can I complete a Treasury International Money Transfer online?,tbc,Information about SWIFT/BIC codes for international transfers.
Can I complete transactions online?,tbc,Use your card when travelling overseas for holiday or business
Can I complete transactions online?,tbc,Information about receiving One-Time Passwords while traveling internationally.
